key,difference,alone_rev,cum_rev,lastout_rev,alone_shipped,cum_shipped,lastout_shipped,alone_gp,cum_gp,lastout_gp,alone_gm,cum_gm,lastout_gm,alone_inv,cum_inv,lastout_inv,cum_rev_level
util_penalty,Utilization adherence penalty (sim L264-272),114.69820371845299,114.69820371845299,131.38221481363416,44.58000737257407,44.58000737257407,57.0,65.77717081462697,65.77717081462697,77.47314981363411,-0.0004312847980261214,-0.0004312847980261214,0.00022158749062539673,-26.57672115914204,-26.57672115914204,-62.84763499999997,2756.3179869173746
factor_shocks,"Unscaled factor shocks at zero sigma (L157-158, L231)",0.0,4.547473508864641e-13,0.0,-2.2737367544323206e-13,-2.2737367544323206e-13,0.0,6.238403340220657,6.535100322613744,0.0,0.002361582609237578,0.0023709529719111444,-2.220446049250313e-16,1.6257933322895042,1.6347243587819094,3.2515866645792357,2756.317986917375
lead_time_delay,Base receipt delay (LT-8)/100 (L174),0.0,0.0,0.0,0.0,0.0,0.0,0.0,0.0,0.0,0.0,0.0,0.0,6.810458999999923,6.810459000000094,13.62091799999996,2756.317986917375
safety_floor,30% safety-stock hard floor (L207),0.0,0.0,0.0,0.0,0.0,0.0,0.0,0.0,0.0,0.0,0.0,0.0,10.470479999999952,10.470479999999895,0.0,2756.317986917375
adherence,Mean vs per-site adherence (L267 vs operations L171),3.2877844046397513,3.482567224047216,-3.2646105746985086,1.4426804986387651,1.5387134459431309,-2.0,1.8695816377151004,1.9927033920700978,-1.9882405746982386,-1.8894267065805437e-05,-1.7149703442020936e-05,-2.7446050117840848e-05,-0.14130118667776514,-0.21055125580130607,1.8499000000000478,2759.8005541414223
allocator,Proportional rationing vs greedy priority (L305-355),65.27137833177403,82.48873291038853,82.48873291038853,-1.0704685069272273,10.810810674555796,10.810810674555796,34.528572980398394,46.071801684591264,45.92297818864836,-0.0013224654085094434,-0.0007906961265871093,-0.000848476889641625,0.5987264699608659,-9.319794562553511,-20.47111830189783,2842.289287051811
fpy_penalty,"FPY utilization penalty, cost only (L283-285)",0.0,0.0,0.0,0.0,0.0,0.0,0.9536539221869589,1.2261558887732917,0.0,0.00036101104642394244,0.0004313972875172878,0.0,0.0,0.0,0.0,2842.289287051811
cogs,COGS formula: rework/expedite (L415-439 vs baseline L170-175),0.0,0.0,0.0,0.0,0.0,0.0,6.566385337268912,-0.8595405609075897,-0.8595405609075897,0.0024857420356372284,-0.00030241135721953416,-0.00030241135721953416,0.0,0.0,0.0,2842.289287051811
inv_damping,RM purchasing-response damping (L452-454),0.0,0.0,0.0,0.0,0.0,0.0,0.0,0.0,0.0,0.0,0.0,0.0,104.88604256872486,86.04148888888881,86.04148888888886,2842.289287051811
inv_floor,RM valuation omits safety floor (L449),0.0,0.0,0.0,0.0,0.0,0.0,0.0,0.0,0.0,0.0,0.0,0.0,10.470479999999952,0.0,0.0,2842.289287051811
fg_val,FG valued without rework/scrap (L460),0.0,0.0,0.0,0.0,0.0,0.0,0.0,0.0,0.0,0.0,0.0,0.0,0.24322892138718544,0.248958000000016,0.248958000000016,2842.289287051811
